Product Title,Product Description,Product Handle,Product Status,Variant Title,Variant SKU,Variant Price,Variant Inventory,Variant Option 1 Name,Variant Option 1 Value,Variant Option 2 Name,Variant Option 2 Value,Product Type,Product Tags,Product Images
NOTNICE Gothic Cross Hoodie,Premium heavyweight hoodie featuring the signature NOTNICE cross emblem. Crafted with rebellion and luxury in mind.,notnice-cross-hoodie-001,published,S Black,notnice-cross-hoodie-001-1,295,15,Size,S,Color,Black,Hoodies,"gothic, streetwear, luxury, cross, black","notnice-cross-hoodie-black.jpg, notnice-cross-hoodie-detail.jpg"
NOTNICE Gothic Cross Hoodie,Premium heavyweight hoodie featuring the signature NOTNICE cross emblem. Crafted with rebellion and luxury in mind.,notnice-cross-hoodie-001,published,M Black,notnice-cross-hoodie-001-2,295,20,Size,M,Color,Black,Hoodies,"gothic, streetwear, luxury, cross, black","notnice-cross-hoodie-black.jpg, notnice-cross-hoodie-detail.jpg"
NOTNICE Gothic Cross Hoodie,Premium heavyweight hoodie featuring the signature NOTNICE cross emblem. Crafted with rebellion and luxury in mind.,notnice-cross-hoodie-001,published,L Black,notnice-cross-hoodie-001-3,295,18,Size,L,Color,Black,Hoodies,"gothic, streetwear, luxury, cross, black","notnice-cross-hoodie-black.jpg, notnice-cross-hoodie-detail.jpg"
NOTNICE Gothic Cross Hoodie,Premium heavyweight hoodie featuring the signature NOTNICE cross emblem. Crafted with rebellion and luxury in mind.,notnice-cross-hoodie-001,published,XL Black,notnice-cross-hoodie-001-4,295,12,Size,XL,Color,Black,Hoodies,"gothic, streetwear, luxury, cross, black","notnice-cross-hoodie-black.jpg, notnice-cross-hoodie-detail.jpg"
NOTNICE Sterling Silver Chain,Heavy sterling silver chain with gothic cross pendant. Each piece is handcrafted and unique.,notnice-silver-chain-002,published,18in Silver,notnice-silver-chain-002-1,450,8,Length,18in,Color,Silver,Jewelry,"jewelry, silver, chain, gothic, luxury","notnice-silver-chain.jpg, notnice-chain-pendant.jpg"
NOTNICE Sterling Silver Chain,Heavy sterling silver chain with gothic cross pendant. Each piece is handcrafted and unique.,notnice-silver-chain-002,published,20in Silver,notnice-silver-chain-002-2,450,10,Length,20in,Color,Silver,Jewelry,"jewelry, silver, chain, gothic, luxury","notnice-silver-chain.jpg, notnice-chain-pendant.jpg"
NOTNICE Sterling Silver Chain,Heavy sterling silver chain with gothic cross pendant. Each piece is handcrafted and unique.,notnice-silver-chain-002,published,22in Silver,notnice-silver-chain-002-3,450,6,Length,22in,Color,Silver,Jewelry,"jewelry, silver, chain, gothic, luxury","notnice-silver-chain.jpg, notnice-chain-pendant.jpg"
NOTNICE Rebel T-Shirt,Premium cotton tee with distressed NOTNICE logo. Perfect for the rebellious soul.,notnice-rebel-tee-003,published,S Black,notnice-rebel-tee-003-1,85,25,Size,S,Color,Black,T-Shirts,"t-shirt, cotton, rebel, logo, casual","notnice-rebel-tee-black.jpg, notnice-tee-back.jpg"
NOTNICE Rebel T-Shirt,Premium cotton tee with distressed NOTNICE logo. Perfect for the rebellious soul.,notnice-rebel-tee-003,published,M Black,notnice-rebel-tee-003-2,85,30,Size,M,Color,Black,T-Shirts,"t-shirt, cotton, rebel, logo, casual","notnice-rebel-tee-black.jpg, notnice-tee-back.jpg"
NOTNICE Rebel T-Shirt,Premium cotton tee with distressed NOTNICE logo. Perfect for the rebellious soul.,notnice-rebel-tee-003,published,L Black,notnice-rebel-tee-003-3,85,28,Size,L,Color,Black,T-Shirts,"t-shirt, cotton, rebel, logo, casual","notnice-rebel-tee-black.jpg, notnice-tee-back.jpg"
NOTNICE Rebel T-Shirt,Premium cotton tee with distressed NOTNICE logo. Perfect for the rebellious soul.,notnice-rebel-tee-003,published,XL Black,notnice-rebel-tee-003-4,85,20,Size,XL,Color,Black,T-Shirts,"t-shirt, cotton, rebel, logo, casual","notnice-rebel-tee-black.jpg, notnice-tee-back.jpg"
NOTNICE Rebel T-Shirt,Premium cotton tee with distressed NOTNICE logo. Perfect for the rebellious soul.,notnice-rebel-tee-003,published,S Charcoal,notnice-rebel-tee-003-5,85,15,Size,S,Color,Charcoal,T-Shirts,"t-shirt, cotton, rebel, logo, casual","notnice-rebel-tee-black.jpg, notnice-tee-back.jpg"
NOTNICE Rebel T-Shirt,Premium cotton tee with distressed NOTNICE logo. Perfect for the rebellious soul.,notnice-rebel-tee-003,published,M Charcoal,notnice-rebel-tee-003-6,85,18,Size,M,Color,Charcoal,T-Shirts,"t-shirt, cotton, rebel, logo, casual","notnice-rebel-tee-black.jpg, notnice-tee-back.jpg"
NOTNICE Rebel T-Shirt,Premium cotton tee with distressed NOTNICE logo. Perfect for the rebellious soul.,notnice-rebel-tee-003,published,L Charcoal,notnice-rebel-tee-003-7,85,16,Size,L,Color,Charcoal,T-Shirts,"t-shirt, cotton, rebel, logo, casual","notnice-rebel-tee-black.jpg, notnice-tee-back.jpg"
NOTNICE Rebel T-Shirt,Premium cotton tee with distressed NOTNICE logo. Perfect for the rebellious soul.,notnice-rebel-tee-003,published,XL Charcoal,notnice-rebel-tee-003-8,85,12,Size,XL,Color,Charcoal,T-Shirts,"t-shirt, cotton, rebel, logo, casual","notnice-rebel-tee-black.jpg, notnice-tee-back.jpg"
NOTNICE Moto Leather Jacket,Genuine leather moto jacket with silver hardware and NOTNICE embossed details. A statement piece for the bold.,notnice-leather-jacket-004,published,S Black,notnice-leather-jacket-004-1,795,5,Size,S,Color,Black,Outerwear,"leather, jacket, moto, luxury, statement","notnice-leather-jacket.jpg, notnice-jacket-detail.jpg"
NOTNICE Moto Leather Jacket,Genuine leather moto jacket with silver hardware and NOTNICE embossed details. A statement piece for the bold.,notnice-leather-jacket-004,published,M Black,notnice-leather-jacket-004-2,795,8,Size,M,Color,Black,Outerwear,"leather, jacket, moto, luxury, statement","notnice-leather-jacket.jpg, notnice-jacket-detail.jpg"
NOTNICE Moto Leather Jacket,Genuine leather moto jacket with silver hardware and NOTNICE embossed details. A statement piece for the bold.,notnice-leather-jacket-004,published,L Black,notnice-leather-jacket-004-3,795,6,Size,L,Color,Black,Outerwear,"leather, jacket, moto, luxury, statement","notnice-leather-jacket.jpg, notnice-jacket-detail.jpg"
NOTNICE Moto Leather Jacket,Genuine leather moto jacket with silver hardware and NOTNICE embossed details. A statement piece for the bold.,notnice-leather-jacket-004,published,XL Black,notnice-leather-jacket-004-4,795,4,Size,XL,Color,Black,Outerwear,"leather, jacket, moto, luxury, statement","notnice-leather-jacket.jpg, notnice-jacket-detail.jpg"
NOTNICE Gothic Cross Ring,Sterling silver ring featuring intricate gothic cross design. Available in multiple sizes.,notnice-cross-ring-005,published,6 Silver,notnice-cross-ring-005-1,185,4,Size,6,Color,Silver,Jewelry,"ring, silver, gothic, cross, jewelry","notnice-cross-ring.jpg, notnice-ring-detail.jpg"
NOTNICE Gothic Cross Ring,Sterling silver ring featuring intricate gothic cross design. Available in multiple sizes.,notnice-cross-ring-005,published,7 Silver,notnice-cross-ring-005-2,185,6,Size,7,Color,Silver,Jewelry,"ring, silver, gothic, cross, jewelry","notnice-cross-ring.jpg, notnice-ring-detail.jpg"
NOTNICE Gothic Cross Ring,Sterling silver ring featuring intricate gothic cross design. Available in multiple sizes.,notnice-cross-ring-005,published,8 Silver,notnice-cross-ring-005-3,185,8,Size,8,Color,Silver,Jewelry,"ring, silver, gothic, cross, jewelry","notnice-cross-ring.jpg, notnice-ring-detail.jpg"
NOTNICE Gothic Cross Ring,Sterling silver ring featuring intricate gothic cross design. Available in multiple sizes.,notnice-cross-ring-005,published,9 Silver,notnice-cross-ring-005-4,185,6,Size,9,Color,Silver,Jewelry,"ring, silver, gothic, cross, jewelry","notnice-cross-ring.jpg, notnice-ring-detail.jpg"
NOTNICE Gothic Cross Ring,Sterling silver ring featuring intricate gothic cross design. Available in multiple sizes.,notnice-cross-ring-005,published,10 Silver,notnice-cross-ring-005-5,185,4,Size,10,Color,Silver,Jewelry,"ring, silver, gothic, cross, jewelry","notnice-cross-ring.jpg, notnice-ring-detail.jpg"
NOTNICE Gothic Beanie,Soft knit beanie with embroidered NOTNICE logo. Essential for the modern rebel.,notnice-beanie-006,published,One Size Black,notnice-beanie-006-1,65,30,Size,One Size,Color,Black,Accessories,"beanie, accessories, logo, knit, casual","notnice-beanie-black.jpg, notnice-beanie-logo.jpg"
NOTNICE Gothic Beanie,Soft knit beanie with embroidered NOTNICE logo. Essential for the modern rebel.,notnice-beanie-006,published,One Size Charcoal,notnice-beanie-006-2,65,25,Size,One Size,Color,Charcoal,Accessories,"beanie, accessories, logo, knit, casual","notnice-beanie-black.jpg, notnice-beanie-logo.jpg"
